Title,Media URL,Board Name,Description,Link,Publish Date,Keywords
"Origineel Huwelijkscadeau met Verlichting 💍 | 3D Mini Museum","https://www.frameit.living/images/museum_couple.jpg","Huwelijkscadeaus & Trouwen","Op zoek naar een uniek huwelijkscadeau voor het bruidspaar? Verras ze met een handgemaakt 3D Mini Memory Museum met warme LED-spotlights en gouden miniatuurlijstjes. Handgemaakt in België. 🇧🇪 ✨ #huwelijkscadeau #trouwcadeau #cadeauidee #belgie #gepersonaliseerdcadeau #trouweninbelgie","https://www.frameit.living/gelegenheid/origineel-huwelijkscadeau","2026-08-29 10:00:00","huwelijkscadeau, trouwcadeau, origineel cadeau, trouwen belgie, gepersonaliseerd huwelijkscadeau"
"Uniek Kraamcadeau met Naam & Foto 👶 | Handgemaakte 3D Fotolijst","https://www.frameit.living/images/baby_milestone.jpg","Kraamcadeau & Baby Ideeën","Het allermooiste kraamcadeau om de geboorte magisch te vieren! Een verlichte 3D schaduwdoos met miniatuur fotolijstjes van de baby. Perfect voor op de babykamer. 🇧🇪 🍼 #kraamcadeau #babycadeau #geboortecadeau #kraamfeest #babykamerdecoratie #gepersonaliseerd","https://www.frameit.living/gelegenheid/kraamcadeau-met-naam","2026-08-31 10:00:00","kraamcadeau, babycadeau, geboortecadeau met naam, kraamcadeau meisje jongen, babykamer decoratie"
"Romantisch Jubileum Cadeau voor Koppel 💕 | 3D Schaduwdoos","https://www.frameit.living/images/anniversary_frame.jpg","Cadeau voor Koppel & Verjaardag","Vier jullie 1, 5, 10 of 25 jaar jubileum met een betoverend miniatuur museum van jullie mooiste reizen en herinneringen. Inclusief warme LED verlichting. 🇧🇪 🥂 #jubileumcadeau #cadeauvoorkoppel #romantischcadeau #cadeauvoorhem #cadeauvoorhaar #liefde","https://www.frameit.living/gelegenheid/jubileum-cadeau","2026-09-02 10:00:00","jubileum cadeau, cadeau voor vriend, cadeau voor vriendin, romantisch cadeau koppel"
"Cadeau voor Grootouders met Kleinkinderen 👵👴 | Miniatuur Museum","https://www.frameit.living/images/family_museum.jpg","Originele Cadeau Ideeën België","Wat geef je aan opa en oma die alles al hebben? Een handgemaakt 3D familie museum met alle kleinkinderen in miniatuur. Gegarandeerd tranen van geluk! 🇧🇪 ❤️ #cadeauvooropa #cadeauvooroma #grootouders #familiecadeau #moederdag #vaderdag","https://www.frameit.living/voor-wie/cadeau-grootouders","2026-09-04 10:00:00","cadeau voor opa en oma, cadeau grootouders, kleinkinderen fotolijst, origineel familiecadeau"
"Wat Geef Je een Koppel? 🎁 Orijineel Cadeau voor Samenwonen","https://www.frameit.living/images/gift_unboxing.jpg","Cadeau voor Koppel & Verjaardag","Het ultieme cadeau voor samenwonen of een housewarming! Een stijlvolle, handgemaakte 3D lijst die elke woonkamer omtovert tot een warme herinnering. 🇧🇪 🏡 #samenwonen #housewarmingcadeau #cadeaukoppel #woondecoratie #interieurstyling","https://www.frameit.living/voor-wie/cadeau-voor-koppel","2026-09-06 10:00:00","cadeau voor koppel, housewarming cadeau, samenwonen cadeau, interieur cadeau belgie"
"Gepersonaliseerd Cadeau in Antwerpen 📍 | Handgemaakt Atelier","https://www.frameit.living/images/museum_couple.jpg","Originele Cadeau Ideeën België","Woon je in Antwerpen of omgeving en zoek je een bijzonder cadeau? Ontdek de 3D Mini Memory Museum lijsten van Frameit Living. Snelle bezorging in heel België! 🇧🇪 ✨ #antwerpen #antwerpengift #cadeauantwerpen #handgemaaktinbelgie #belgischdesign","https://www.frameit.living/cadeau/antwerpen","2026-09-08 10:00:00","cadeau antwerpen, gepersonaliseerd cadeau antwerpen, fotolijst met licht antwerpen"
"Origineel Cadeau in Gent 📍 | Magische 3D Fotolijsten","https://www.frameit.living/images/anniversary_frame.jpg","Originele Cadeau Ideeën België","Op zoek naar een origineel geschenk in Gent? Onze handgemaakte 3D lijsten met LED verlichting brengen de mooiste momenten tot leven. 🇧🇪 ✨ #gent #cadeaugent #gentbelgie #handgemaaktcadeau","https://www.frameit.living/cadeau/gent","2026-09-10 10:00:00","cadeau gent, origineel cadeau gent, fotolijst gent"
"Cadeau de Mariage Original avec LED 💍 | Mini Musée 3D","https://www.frameit.living/images/museum_couple.jpg","Cadeau Mariage & Couple","À la recherche d'un cadeau de mariage unique et émouvant ? Offrez aux mariés un Mini Musée de Souvenirs 3D fait main avec éclairage LED chaleureux et mini cadres baroques dorés. Fait main en Belgique. 🇧🇪 ✨ #cadeaumariage #mariagebelgique #ideecadeau #cadeaupersonnalise #bruxelles #belgique","https://www.frameit.living/occasion-cadeau/cadeau-mariage-original","2026-09-12 10:00:00","cadeau de mariage original, idée cadeau mariage, cadeau personnalisé couple, mariage belgique"
"Cadeau de Naissance Personnalisé 👶 | Cadre Photo 3D Lumineux","https://www.frameit.living/images/baby_milestone.jpg","Cadeau Naissance Personnalisé","Le plus beau cadeau de naissance pour bébé ! Un cadre photo 3D illuminé avec les photos miniatures des premiers moments magiques. Parfait pour la chambre de bébé. 🇧🇪 🍼 #cadeaunaissance #cadeaubebe #chambrebebe #mamanbelge #naissancebelgique","https://www.frameit.living/occasion-cadeau/cadeau-naissance-personnalise","2026-09-14 10:00:00","cadeau de naissance original, cadre photo bebe 3d, cadeau naissance personnalise, deco chambre bebe"
"Cadeau pour Couple Romantique 💕 | Anniversaire de Rencontre ou Mariage","https://www.frameit.living/images/anniversary_frame.jpg","Cadeau Mariage & Couple","Célébrez votre amour avec un cadeau inoubliable. Un musée miniature 3D personnalisé avec vos plus beaux souvenirs à deux. Éclairage LED inclus. 🇧🇪 🥂 #cadeaucouple #cadeauanniversaire #cadeauromantique #cadeauhomme #cadeaufemme","https://www.frameit.living/pour-qui/cadeau-pour-couple","2026-09-16 10:00:00","cadeau pour couple, cadeau anniversaire couple, idée cadeau romantique, cadeau fait main belgique"
"Cadeau Original pour les Grands-Parents 👵👴 | Musée de Famille","https://www.frameit.living/images/family_museum.jpg","Idées Cadeaux Originales Belgique","Que donner à papy et mamie qui ont déjà tout ? Un cadre 3D illuminé avec tous les petits-enfants en miniature. Émotion garantie ! 🇧🇪 ❤️ #cadeaugrandsparents #cadeaufamille #fetedesmeres #fetedesperes #ideecadeau","https://www.frameit.living/pour-qui/cadeau-grands-parents","2026-09-18 10:00:00","cadeau pour papy et mamie, cadeau grands parents, cadre photo famille miniature"
"Cadeau Personnalisé à Bruxelles 📍 | Atelier Fait Main Belgique","https://www.frameit.living/images/gift_unboxing.jpg","Idées Cadeaux Originales Belgique","Vous cherchez un cadeau unique et original à Bruxelles ? Découvrez les cadres 3D Mini Musée de Souvenirs créés par Frameit Living. Livraison rapide en Belgique ! 🇧🇪 ✨ #bruxelles #cadeaubruxelles #belgique #artisanatbelge","https://www.frameit.living/cadeau-personnalise/bruxelles","2026-09-20 10:00:00","cadeau bruxelles, cadeau personnalisé bruxelles, cadre photo lumineux bruxelles"